source_nodes,metric_value_source,similarity_between_metrics,metric_value_target,target_nodes
3_6_14_48,0.5510204081632653,0.8641975308641976,0.47619047619047616,82
80,0.5454545454545454,0.9565217391304348,0.5217391304347826,65
8_44,0.5567010309278351,0.8762420957542908,0.4878048780487805,74_75
17,0.5046728971962616,0.9990662931839404,0.5042016806722689,80
65,0.5934065934065934,0.8088888888888889,0.48,30
29_36_52_63,0.5094339622641509,0.9424528301886792,0.5405405405405406,87
54,0.5869565217391305,0.9553478712357215,0.5607476635514018,24
20,0.5454545454545454,0.88,0.48,30
42,0.5625,0.9195402298850576,0.5172413793103449,50
